,name,ADRS
0,erdse,20.55604426631875
1,momprdse,0.0
2,acdse,41.937714826887635
3,ppo,1.5894824693717906
4,dtl,12.659311522518902
5,nsga2,0.35681350887051616
6,cc-aco,39.22334821576952
7,bo,10.165325672364808
8,crldse,3.5252691393457622
