,name,ADRS
0,erdse,20.55604426631875
1,momprdse,0.0
2,acdse,0.37771172179482265
3,ppo,1.5894824693717906
4,dtl,12.181202386547323
5,nsga2,0.35681350887051616
6,cc-aco,13.195710362361057
7,bo,14.801424148999395
8,crldse,0.3163761356499722
