,name,ADRS
0,erdse,6.702105376726014
1,momprdse,0.0678214595210101
2,acdse,3.582104483613797
3,csdse,0.5228608291714105
4,ppo,3.6018641402049223
5,dtl,7.231088228285133
6,nsga2,0.4424596316158049
7,bo,1.6942868902904515
8,crldse,3.3968420762275366
