,name,ADRS
0,erdse,76.1028228786417
1,momprdse,0.03747647867342921
2,acdse,41.788738416419314
3,ppo,8.414706861493952
4,dtl,65.19056748121517
5,nsga2,4.580191045062664
6,cc-aco,1.1645058684530176
7,bo,37.03149668118914
8,crldse,34.36567725272694
