,name,ADRS
0,crldse,200.0180731484703
1,erdse,312.03368900477784
2,momprdse,102.06532837506495
3,acdse,340.4193946580886
4,nsga2,187.45407415811184
5,cc-aco,330.06973136198064
6,ppo,217.97676388525963
7,dtl,213.7213908684241
