,name,ADRS
0,crldse,2.2168538484257745
1,erdse,20.150287981058973
2,momprdse,0.0
3,acdse,8.83799567761445
4,nsga2,0.7327198845870703
5,cc-aco,0.2923436879018264
6,ppo,1.183403281843159
7,dtl,13.387713533548846
