,name,ADRS
0,crldse,3.3957844010578446
1,erdse,6.702102800002578
2,momprdse,0.06770340011816253
3,acdse,3.5810982010064283
4,nsga2,0.44241420004544063
5,cc-aco,0.522828200032632
6,ppo,3.600867200997081
7,dtl,7.230360200728086
