,name,ADRS
0,erdse,80.08995482886056
1,momprdse,0.31342582913914513
2,acdse,24.180848108801897
3,ppo,25.250343433282772
4,dtl,65.36236564224927
5,nsga2,5.815047098853323
6,cc-aco,6.48934363204945
7,bo,15.171922801592059
8,crldse,22.438979048824592
