,name,ADRS
0,crldse,0.6574863155623011
1,erdse,16.054136155706672
2,momprdse,0.0
3,acdse,0.6642662467704954
4,nsga2,1.1179996370582763
5,cc-aco,1.6173926952750097
6,ppo,0.6578257580382207
7,dtl,13.24273239015346
