,name,ADRS
0,erdse,314.90916428476623
1,momprdse,104.47257941081232
2,acdse,292.0602137326634
3,csdse,282.0631647667985
4,ppo,227.3720495879409
5,dtl,229.38782293812073
6,nsga2,189.46351056427318
7,bo,181.08015866257583
8,crldse,144.21088092734453
