,name,ADRS
0,crldse,4.530381000827295
1,erdse,6.895982800862729
2,momprdse,0.03726240021469355
3,acdse,5.604688000949261
4,nsga2,0.4270508000444668
5,cc-aco,0.19169580008803222
6,ppo,0.9901834000328646
7,dtl,7.3115988007293415
