,name,ADRS
0,erdse,158.68349269095017
1,momprdse,26.166061852816277
2,acdse,223.97788419003246
3,ppo,115.30311316240288
4,dtl,140.032712645218
5,nsga2,22.62804168294582
6,cc-aco,128.8356051311353
7,bo,178.3153856623493
8,crldse,65.11843376338064
