,name,ADRS
0,crldse,9.913336527114433
1,erdse,85.93411470967175
2,momprdse,0.027384600292134978
3,acdse,44.55739347529223
4,nsga2,1.833491723972633
5,cc-aco,83.78670908773154
6,ppo,10.012757347346287
7,dtl,105.44108518656657
