power,Area
3.231561,32.438
3.509995,31.384
erdse
power,Area
1.7146708,11.938
momprdse
power,Area
1.7741447,12.311
9.138813,11.0
acdse
power,Area
1.8198303,13.524
ppo
power,Area
2.944114,24.057
dtl
power,Area
1.7387515,12.294
nsga2
power,Area
2.870416,25.083
cc-aco
power,Area
3.660237,26.611
bo
power,Area
1.7671099,12.25
