power,Area
3.231561,32.438
3.509995,31.384
erdse
power,Area
1.7146708,11.938
momprdse
power,Area
4.9074860000000005,53.754
14.809281,9.0
acdse
power,Area
1.8198303,13.524
ppo
power,Area
2.7847980000000003,24.552
dtl
power,Area
1.7387515,12.294
nsga2
power,Area
6.535207000000001,50.864
cc-aco
power,Area
2.524706,22.071
bo
power,Area
1.9701439,15.454
