power,Area
2.9775743,27.963
erdse
power,Area
1.7224796,11.958
momprdse
power,Area
1.826948,12.614
9.144336,11.0
acdse
power,Area
1.816998,12.609
ppo
power,Area
3.040293,25.135
dtl
power,Area
1.8169634,13.072
nsga2
power,Area
1.854446,13.57
cc-aco
power,Area
1.8430495,13.479
bo
power,Area
1.8146059,12.609
