power,Area
3.239012,32.438
3.527908,31.384
3.695472,30.139
erdse
power,Area
1.7339307,12.344
1.7371450000000002,12.236
1.7403298,12.23
1.7680007,12.06
1.8018649,12.0
momprdse
power,Area
2.770482,21.121
9.144336,11.0
acdse
power,Area
1.8236153,13.524
ppo
power,Area
3.088594,25.663
dtl
power,Area
1.8169634,13.072
nsga2
power,Area
1.7895709,12.631
1.7926215,12.577
1.8013,12.552
cc-aco
power,Area
2.219234,19.073
bo
power,Area
1.9530311,14.55
