,Name,Sum
0,ERDSE,4770.9087359999985
1,MOMPRDSE,5720.654722999623
2,ACDSE,5880.8816589648495
3,CSDSE,4977.235979577434
4,DTL,4272.319797585788
5,NSGA-II,3720.1721995580424
6,CC-ACO,5300.738028086294
7,BO,4581.554288066533
8,CRLDSE,7077.415369333332
