,Name,Sum
0,ERDSE,5668.2851729999975
1,MOMPRDSE,2719.8575002769485
2,ACDSE,1474.631521659272
3,PPO,2813.5916072522027
4,DTL,1801.4770286325834
5,NSGA-II,2498.2715089504513
6,CC-ACO,3423.4921916412727
7,BO,1170.5664914232598
8,CRLDSE,5684.596685333338
