,Name,Sum
0,ERDSE,5185.309913444439
1,MOMPRDSE,5245.695033439166
2,CSDSE,5436.386500036647
3,PPO,3042.160365488629
4,DTL,3125.253293928688
5,NSGA-II,3388.978556466163
6,ACDSE,3634.0431363091675
7,BO,2333.868155122571
8,CRLDSE,5518.872702777779
