,Name,Sum
0,ERDSE,5043.1042213333285
1,MOMPRDSE,4982.793775113236
2,ACDSE,6610.739640300896
3,PPO,3030.575676747607
4,DTL,3737.325325925652
5,NSGA-II,4423.40641144837
6,CC-ACO,5128.205128205137
7,BO,1370.9514320817132
8,CRLDSE,7338.632102666672
